"観測日","新規記録件数","5万円以下件数","最安値_元ログ値(円)","50cc記録件数","90〜125cc記録件数","受付終了確認"
"2026-08-09","6","4","29800","5","1","0"
"2026-08-13","3","3","30000","2","1","2"
"2026-08-21","4","0","239000","0","4","0"
"2026-08-22","3","0","233200","0","3","0"
"2026-08-23","3","0","219800","0","3","0"
"2026-08-24","4","0","229000","0","4","0"
"2026-08-25","2","0","198000","0","2","0"
"2026-08-26","3","0","199800","0","3","0"
"2026-08-27","2","0","227200","0","2","0"
"2026-08-28","3","1","30000","1","2","0"
"2026-08-29","2","0","212100","0","2","0"
"2026-08-30","2","0","238000","0","2","0"
"2026-08-31","2","0","222400","0","2","0"
"2026-09-01","2","0","238000","0","2","0"
"2026-09-02","2","0","213400","0","2","0"
"2026-09-03","2","0","238000","0","2","0"
"2026-09-04","2","0","228000","0","2","0"
"2026-09-05","2","0","180100","0","2","0"
"2026-09-06","2","0","248000","0","2","0"
"2026-09-07","2","0","208000","0","2","0"
"2026-09-08","2","0","197200","0","2","0"
"2026-09-09","2","0","218000","0","2","0"
"2026-09-10","2","0","238000","0","2","0"
"2026-09-11","2","0","200000","0","2","0"
"2026-09-12","1","0","162100","0","1","0"
"2026-09-13","2","0","198000","0","2","0"
"2026-09-14","2","0","248000","0","2","0"
"2026-09-15","2","0","229000","0","2","0"
"2026-09-16","2","0","238000","0","2","0"
"2026-09-17","2","0","308000","0","2","0"
"2026-09-18","1","0","218000","0","1","0"
"2026-09-19","2","0","215600","0","2","0"
"2026-09-20","3","1","30000","1","2","0"
"2026-09-21","2","0","226000","0","2","0"
"2026-09-22","0","0","162100","0","0","0"
"2026-09-23","0","0","30000","0","0","0"
