"No","確認日","掲載サイト","URL","車種","排気量(cc)","年式","走行距離(km)","価格(円)","乗り出し総額(円)","地域","掲載状態","初回確認日","最終確認日","掲載確認日数","データ種別"
"1","2026-08-07","ジモティー","","アドレスV100","100","","50000","32000","","埼玉・川越","","2026-08-07","2026-08-09","3","初期相場"
"2","2026-08-07","ジモティー","","シグナスX","125","","46000","70000","","埼玉・越谷","","2026-08-07","2026-08-09","3","初期相場"
"3","2026-08-07","ジモティー","","アドレスV125","125","","47800","79200","","埼玉・越谷","","2026-08-07","2026-08-09","3","初期相場"
"4","2026-08-07","ジモティー","","アドレスV100 最終型","100","","","59000","","神奈川・茅ヶ崎","","2026-08-07","2026-08-09","3","初期相場"
"5","2026-08-07","ジモティー","","アドレスV100","100","","","82500","","埼玉","","2026-08-07","2026-09-03","28","初期相場"
"6","2026-08-07","ジモティー","https://jmty.jp/tokyo/sale-bik/article-1qnxbd","ヤマハ シグナス125","125","","53000","58000","","東京・大田区南馬込","受付中","2026-08-07","2026-08-29","23","追跡中"
"7","2026-08-07","ジモティー","https://jmty.jp/tokyo/sale-bik/article-1qcr65","SYM XPRO 100（売約済み）","100","","","38000","","東京・武蔵村山市","受付終了","","","","過去相場"
"8","2026-08-07","ジモティー","https://jmty.jp/chiba/sale-bik/article-1pyryd","スズキ アドレスV125G 訳あり","125","","","40000","","千葉・市原市 八幡宿","受付中","2026-08-07","2026-08-13","7","追跡中"
"9","2026-08-07","ジモティー","https://jmty.jp/saitama/sale-kw-%E5%8E%9F%E4%BB%982%E7%A8%AE","KYMCO Super 8 125","125","","","65000","","埼玉・桶川市 内宿","受付中","2026-08-07","2026-08-09","3","追跡中"
"10","2026-08-07","ジモティー","https://jmty.jp/saitama/sale-kw-%E5%8E%9F%E4%BB%982%E7%A8%AE","KYMCO グランドディンク125Z","125","","","62000","","埼玉・桶川市 内宿","受付中","2026-08-07","2026-08-09","3","追跡中"
"11","2026-08-07","ジモティー","https://jmty.jp/tokyo/sale-kw-%E5%8E%9F%E4%BB%98%E3%82%B9%E3%82%AF%E3%83%BC%E3%82%BF%E3%83%BC","ヤマハ グランドアクシス100","100","","","56000","","東京・八王子市","受付中","2026-08-07","2026-08-09","3","追跡中"
"12","2026-08-07","ジモティー","https://jmty.jp/tokyo/sale-kw-%E3%82%B9%E3%83%9A%E3%82%A4%E3%82%B7%E3%83%BC100","ホンダ スペイシー100 実働現状車","100","","","35000","","東京・葛飾区","受付終了","2026-08-07","2026-08-09","1","過去相場"
"13","2026-08-07","ジモティー","https://jmty.jp/tokyo/sale-bik/g-1508-kw-%E3%82%AD%E3%83%A0%E3%82%B3%20125","KYMCO アジリティ125","125","","","40000","","東京・練馬区 下赤塚","受付終了","2026-08-07","2026-08-09","1","過去相場"
"14","2026-08-07","ジモティー","https://jmty.jp/saitama/sale-bik/g-all/a-189-higashimatsuyama-kw-125","ヤマハ マジェスティ125","125","","","60000","","埼玉・東松山市","受付終了","2026-08-07","2026-08-09","1","過去相場"
"15","2026-08-07","ジモティー","https://jmty.jp/kanagawa/sale-bik-kw-SYM/p-4","SYM UMI100","100","","13900","33000","","神奈川・川崎市多摩区","受付終了","2026-08-07","2026-09-19","41","過去相場"
"16","2026-08-09","ジモティー","https://jmty.jp/tokyo/sale-bik/article-1jpbgw","ホンダ DIOチェスタ","50","","","39000","","東京・国立市 谷保","受付中","2026-08-09","2026-09-21","44","追跡中"
"17","2026-08-09","ジモティー","https://jmty.jp/tokyo/sale-bik/article-1mxkch","スズキ レッツ2（在庫例）","50","","8522","40000","","東京・小平市","受付中","2026-08-09","2026-08-09","1","店頭相場"
"18","2026-08-09","ジモティー","https://jmty.jp/tokyo/sale-bik-kw-%E5%8E%9F%E4%BB%98%20%E3%83%90%E3%82%A4%E3%82%AF%20%E4%B8%AD%E5%8F%A4%20%E6%BF%80%E5%AE%89","スズキ セピア","50","","","29800","","東京・西東京市 西武柳沢","受付中","2026-08-09","2026-08-09","1","追跡中"
"19","2026-08-09","ジモティー","https://jmty.jp/tokyo/sale-bik-kw-%E5%8E%9F%E4%BB%98%20%E3%83%90%E3%82%A4%E3%82%AF%20%E4%B8%AD%E5%8F%A4%20%E6%BF%80%E5%AE%89","スズキ レッツ2","50","","8129","30000","","東京・西東京市 西武柳沢","受付中","2026-08-09","2026-08-22","14","追跡中"
"20","2026-08-21","グーバイク","https://www.goobike.com/cgi-bin/fsearch/search.cgi?category=USDN&phrase=%E3%82%A2%E3%83%89%E3%83%AC%E3%82%B9125&pref_num=13&query=%E3%82%A2%E3%83%89%E3%83%AC%E3%82%B9125&rec_guarantee=%E4%BF%9D%E8%A8%BC","スズキ アドレス125","125","2023","14549","198000","244500","東京・練馬区","受付中","2026-08-21","2026-08-22","2","追跡中"
"21","2026-08-21","グーバイク","https://www.goobike.com/cgi-bin/fsearch/search.cgi?category=USDN&phrase=%E3%82%A2%E3%83%89%E3%83%AC%E3%82%B9125&pref_num=1&pref_num=13&query=%E3%82%A2%E3%83%89%E3%83%AC%E3%82%B9125","スズキ アドレス125 新車","125","2026","新車","280500","298400","東京・北区","受付中","2026-08-21","2026-08-22","2","追跡中"
"22","2026-08-21","グーバイク","https://www.goobike.com/cgi-bin/fsearch/search.cgi?category=USDN&phrase=dio110%28%E3%83%9B%E3%83%B3%E3%83%80%29&pref_num=1&pref_num=13&query=dio110%28%E3%83%9b%E3%83%B3%E3%83%80%29","ホンダ Dio110・ベーシック","109","2023","1218","209000","239000","東京・世田谷区","受付中","2026-08-21","2026-08-22","2","追跡中"
"23","2026-08-21","グーバイク","https://www.goobike.com/cgi-bin/fsearch/search.cgi?category=USDN&phrase=dio110%28%E3%83%9B%E3%83%B3%E3%83%80%29&pref_num=1&pref_num=13&query=dio110%28%E3%83%9B%E3%83%B3%E3%83%80%29","ホンダ Dio110 Lite 新車","109","2026","新車","239800","268500","東京・立川市","受付中","2026-08-21","2026-08-21","1","追跡中"
"24","2026-08-13","ジモティー","https://jmty.jp/chiba/sale-bik/article-1r07xs","SYM DD50","50","","","30000","","千葉・柏市 増尾","受付中","2026-08-13","2026-08-13","1","追跡中"
"25","2026-08-13","ジモティー","https://jmty.jp/chiba/sale-bik/article-1q46aq","スズキ アドレスV125G 事故車","125","","41561","40000","","千葉・流山市 初石","受付終了","","","","過去相場"
"27","2026-08-22","Webike バイク選び","https://moto.webike.net/chuuko/SUZUKI/51_125/Address125/tokyo/zaiko/","スズキ アドレス125 中古 販売店保証","125","2023","3669","258000","297000","東京・練馬区","受付中","2026-08-22","2026-08-22","1","追跡中"
"28","2026-08-22","Webike バイク選び","https://moto.webike.net/chuuko/HONDA/51_125/LEAD125/tokyo/nenshiki-atarashii/","ホンダ リード125 中古 販売店保証","125","要確認","6436","286000","321200","東京・調布市","受付中","2026-08-22","2026-08-22","1","追跡中"
"29","2026-08-22","Webike バイク選び","https://moto.webike.net/YAMAHA/51_125/AXIS_Z/tokyo/","ヤマハ AXIS Z 新車 2026","125","2026","新車","244200","275300","東京・杉並区 下井草","受付中","2026-08-22","2026-09-22","32","追跡中"
"30","2026-08-23","Webike バイク選び","https://moto.webike.net/chuuko/HONDA/51_125/dio_110/kanto/nenshiki-atarashii/","ホンダ Dio110 中古 販売店保証 2025","109","2025","2506","219800","241700","東京・足立区","受付中","2026-08-23","2026-08-26","4","追跡中"
"31","2026-08-23","Webike バイク選び","https://moto.webike.net/chuuko/HONDA/51_125/LEAD125/kanto/?srt=19&zaiko=1","ホンダ リード125 中古 販売店保証 2024","125","2024","7965","290000","302400","神奈川・茅ヶ崎市","受付中","2026-08-23","2026-08-23","1","追跡中"
"32","2026-08-23","Webike バイク選び","https://moto.webike.net/HONDA/51_125/LEAD125/tokyo/","ホンダ リード125 新車 2026","124","2026","新車","323400","354500","東京・杉並区 下井草","受付中","2026-08-23","2026-08-24","2","追跡中"
"33","2026-08-24","Webike バイク選び","https://moto.webike.net/YAMAHA/51_125/AXIS_Z/tokyo/","ヤマハ AXIS Z 中古 販売店保証 2022","125","2022","856","238000","277000","東京・葛飾区","受付中","2026-08-24","2026-08-24","要確認",""
"34","2026-08-24","Webike バイク選び","https://moto.webike.net/chuuko/HONDA/51_125/dio_110/kanto/nenshiki-atarashii/","ホンダ Dio110 BASIC 中古 販売店保証 2026","109","2026","3","248000","287000","東京・練馬区","受付中","2026-08-24","2026-08-24","要確認",""
"35","2026-08-24","Webike バイク選び","https://moto.webike.net/bike_life/everyday/city_ride/YAMAHA/b-scooter/tokyo/13123/list/noridashi-yasui/","ヤマハ JOG125 中古 販売店保証 2023","125","2023","1340","229000","249000","東京・江戸川区","受付中","2026-08-24","2026-08-24","正常実働",""
"36","2026-08-24","Webike バイク選び","https://moto.webike.net/bike_life/everyday/city_ride/YAMAHA/b-scooter/tokyo/13104/list/noridashi-yasui/","ヤマハ JOG125 新車 2026","125","2026","0","233000","260800","東京・新宿区","受付中","2026-08-24","2026-08-24","新車",""
"37","2026-08-25","Webike バイク選び","https://moto.webike.net/SUZUKI/Address125/kanto/list/zaiko/?srt=7&totalPayment=1","スズキ アドレス125 新車 2025","125","2025","0","237800","262700","東京・杉並区 本天沼","受付中","2026-08-25","2026-08-26","1","追跡中"
"38","2026-08-25","Webike バイク選び","https://moto.webike.net/bike_detail/2369330/","ヤマハ AXIS Z 中古 販売店保証 2018","125","2018","13874","198000","215900","神奈川・秦野市 若松町","受付中","2026-08-25","2026-08-25","1","追跡中"
"39","2026-08-26","Webike バイク選び","https://moto.webike.net/bike_life/petite/leg/51_125/kanto/list/noridashi-yasui/?distt=5000","ホンダ Dio110・ベーシック 新車 2026","109","2026","0","219000","247900","東京・世田谷区 瀬田","受付中","2026-08-26","2026-08-26","1","追跡中"
"40","2026-08-26","Webike バイク選び","https://moto.webike.net/bike_life/function/b-scooter/tokyo/13112/list/","ヤマハ JOG125 新車 2026","124","2026","0","224000","252900","東京・世田谷区 瀬田","受付中","2026-08-26","2026-08-27","1","追跡中"
"41","2026-08-26","Webike バイク選び","https://moto.webike.net/chuuko/HONDA/51_125/dio_110/noridashi-yasui/?prcf=100000&prct=200000","ホンダ Dio110 中古 販売店保証 2023","109","2023","16897","199800","221700","東京・足立区 六月","受付中","2026-08-26","2026-08-26","1","追跡中"
"42","2026-08-27","Webike バイク選び","https://moto.webike.net/chuuko/SUZUKI/51_125/Address125/kanto/zaiko/?srt=7&totalPayment=1","スズキ アドレス125 中古 販売店保証 2023","125","2023","3","227200","264900","神奈川・横浜市緑区中山","受付中","2026-08-27","2026-08-27","1","追跡中"
"43","2026-08-27","Webike バイク選び","https://moto.webike.net/SUZUKI/51_125/Address125/kanto/zaiko/?prcf=200000&prct=300000&srt=7&totalPayment=1","スズキ アドレス125 新車 2026","125","2026","0","239000","262400","千葉・市原市糸久","受付中","2026-08-27","2026-08-27","1","追跡中"
"44","2026-08-28","Webike バイク選び","https://moto.webike.net/YAMAHA/51_125/AXIS_Z/tokyo/","ヤマハ AXIS Z 中古 販売店保証 2022","125","2022","1162","258000","297000","東京・八王子市 松木","受付中","2026-08-28","2026-08-28","1","追跡中"
"45","2026-08-28","Webike バイク選び","https://moto.webike.net/YAMAHA/51_125/AXIS_Z/tokyo/","ヤマハ AXIS Z 新車 2026","125","2026","0","249000","277900","東京・世田谷区 瀬田","受付中","2026-08-28","2026-08-28","1","追跡中"
"46","2026-08-28","ジモティー","https://jmty.jp/tokyo/sale-kw-DIO%2050cc","ホンダ Dio 50cc 掲載例","50","","7000","30000","","東京・町田市","受付中","2026-08-28","2026-09-22","26","追跡中"
"47","2026-08-29","Webike バイク選び","https://moto.webike.net/chuuko/YAMAHA/51_125/AXIS_Z/zaiko/","ヤマハ AXIS Z 中古 販売店保証 2022","125","2022","8645","162100","199800","東京・多摩市 愛宕","受付中","2026-08-29","2026-09-22","25","要確認"
"48","2026-08-29","Webike バイク選び","https://moto.webike.net/YAMAHA/51_125/AXIS_Z/chiba/","ヤマハ AXIS Z 新車 2026 千葉","125","2026","0","272600","297100","千葉・千葉市中央区 生実町","受付中","2026-08-29","2026-08-29","追跡中","新車"
"49","2026-08-30","Webike バイク選び","https://moto.webike.net/YAMAHA/51_125/AXIS_Z/saitama/","ヤマハ AXIS Z 中古 販売店保証 2025 埼玉","125","2025","142","238000","277000","埼玉・草加市 西町","受付中","2026-08-30","2026-08-30","1","追跡中"
"50","2026-08-30","Webike バイク選び","https://moto.webike.net/YAMAHA/51_125/AXIS_Z/saitama/","ヤマハ AXIS Z 新車 2026 埼玉","125","2026","0","259000","292300","埼玉・所沢市 小手指町","受付中","2026-08-30","2026-09-12","14","追跡中"
"51","2026-08-31","Webike バイク選び","https://moto.webike.net/HONDA/51_125/dio_110/saitama/","ホンダ Dio110 BASIC 中古 販売店保証 2023 埼玉","109","2023","6708","228000","267000","埼玉・草加市 西町","受付中","2026-08-31","2026-08-31","1","追跡中"
"52","2026-08-31","Webike バイク選び","https://moto.webike.net/HONDA/51_125/dio_110/saitama/","ホンダ Dio110 ベーシック 新車 2025 埼玉 5年保証プラン","109","2025","0","222400","276400","埼玉・坂戸市 中小坂","受付中","2026-08-31","2026-08-31","1","追跡中"
"53","2026-09-01","Webike バイク選び","https://moto.webike.net/bike_life/maintain/51_125/tokyo/list/?srt=6","スズキ アドレス125 中古 販売店保証 東京","125","要確認","16235","238000","277000","東京・国分寺市 西元町","受付中","2026-09-01","2026-09-01","1","追跡中"
"54","2026-09-01","Webike バイク選び","https://moto.webike.net/bike_detail/2479404/","ホンダ リード125 新車 2026 東京 モト・ノックス","125","2026","0","325000","352800","東京・新宿区 早稲田鶴巻町","受付中","2026-09-01","2026-09-01","1","追跡中"
"55","2026-09-02","Webike バイク選び","https://moto.webike.net/YAMAHA/51_125/AXIS_Z/saitama/","ヤマハ AXIS Z 中古 販売店保証 2022 埼玉","125","2022","3728","213400","249000","埼玉・草加市 西町","受付中","2026-09-02","2026-09-12","11","要確認"
"56","2026-09-02","Webike バイク選び","https://moto.webike.net/HONDA/51_125/dio_110/chiba/","ホンダ Dio110 新車 2026 千葉・市川","109","2026","0","239800","272000","千葉・市川市 欠真間","受付中","2026-09-02","2026-09-02","追跡中","新車"
"57","2026-09-03","Webike バイク選び","https://moto.webike.net/YAMAHA/51_125/JOG_125/kanagawa/","ヤマハ JOG125 中古 販売店保証 2025 神奈川","125","2025","1768","238000","277000","神奈川・横浜市栄区 上郷町","受付中","2026-09-03","2026-09-03","1","追跡中"
"58","2026-09-03","Webike バイク選び","https://moto.webike.net/YAMAHA/51_125/JOG_125/kanagawa/","ヤマハ JOG125 新車 2026 神奈川","125","2026","0","270600","309500","神奈川・藤沢市 立石","受付中","2026-09-03","2026-09-03","1","追跡中"
"59","2026-09-04","Webike バイク選び","https://moto.webike.net/YAMAHA/51_125/JOG_125/kanagawa/","ヤマハ JOG125 中古 販売店保証 2025 神奈川・藤沢","124","2025","5553","228000","269500","神奈川・藤沢市 柄沢","受付中","2026-09-04","2026-09-04","1",""
"60","2026-09-04","Webike バイク選び","https://moto.webike.net/YAMAHA/51_125/JOG_125/kanagawa/","ヤマハ JOG125 新車 2026 神奈川・平塚","124","2026","0","258000","284300","神奈川・平塚市 紅谷町","受付中","2026-09-04","2026-09-04","1",""
"61","2026-09-05","Webike バイク選び","https://moto.webike.net/YAMAHA/51_125/AXIS_Z/kanagawa/zaiko/","ヤマハ AXIS Z 中古 販売店保証 2021 神奈川・横浜","124","2021","17315","180100","217900","神奈川・横浜市緑区 中山","受付中","2026-09-05","2026-09-05","1",""
"62","2026-09-05","Webike バイク選び","https://moto.webike.net/YAMAHA/51_125/AXIS_Z/kanagawa/","ヤマハ AXIS Z 新車 2026 神奈川・平塚","124","2026","0","292600","318900","神奈川・平塚市 紅谷町","受付中","2026-09-05","2026-09-05","1",""
"63","2026-09-06","Webike バイク選び","https://moto.webike.net/bike_detail/2481371/","ホンダ Dio110 中古 販売店保証 2025 神奈川・横浜","109","2025","182","248000","289500","神奈川・横浜市栄区 上郷町","受付中","2026-09-06","2026-09-06","1","追跡中"
"64","2026-09-06","Webike バイク選び","https://moto.webike.net/bike_life/everyday/shopping/HONDA/51_125/kanagawa/14132/list/","ホンダ Dio110 新車 2025 神奈川・川崎","109","2025","0","250800","292900","神奈川・川崎市幸区 南加瀬","受付中","2026-09-06","2026-09-06","1","追跡中"
"65","2026-09-07","Webike バイク選び","https://moto.webike.net/SUZUKI/51_125/Address125/kanagawa/","スズキ アドレス125 中古 販売店保証 2023 神奈川・平塚","125","2023","8408","208000","249500","神奈川・平塚市 田村","受付中","2026-09-07","2026-09-07","1","追跡中"
"66","2026-09-07","Webike バイク選び","https://moto.webike.net/SUZUKI/51_125/Address125/kanagawa/","スズキ アドレス125 新車 2026 神奈川・横浜","125","2026","0","245000","275000","神奈川・横浜市緑区 中山","受付中","2026-09-07","2026-09-18","12","追跡中"
"67","2026-09-08","Webike バイク選び","https://moto.webike.net/HONDA/51_125/LEAD125/kanagawa/","ホンダ リード125 中古 販売店保証 2018 神奈川・横浜","125","2018","10085","197200","235000","神奈川・横浜市緑区 中山","受付中","2026-09-08","2026-09-08","1","追跡中"
"68","2026-09-08","Webike バイク選び","https://moto.webike.net/HONDA/51_125/LEAD125/kanagawa/","ホンダ リード125 新車 2026 神奈川・横浜","125","2026","0","325000","355000","神奈川・横浜市緑区 中山","受付中","2026-09-08","2026-09-08","1","追跡中"
"69","2026-09-09","Webike バイク選び","https://moto.webike.net/chuuko/SUZUKI/51_125/Address125/chiba/hontai-yasui/","スズキ アドレス125 中古 販売店保証 2023 千葉・柏","125","2023","4168","218000","259500","千葉・柏市","受付中","2026-09-09","2026-09-09","","追跡中"
"70","2026-09-09","Webike バイク選び","https://moto.webike.net/series/shinsha/SUZUKI/s00014/chiba/other-area/list/?extask=1&srt=3","スズキ アドレス125 新車 2026 千葉・印西","125","2026","0","247800","269000","千葉・印西市 竹袋","受付中","2026-09-09","2026-09-09","","追跡中"
"71","2026-09-10","Webike バイク選び","https://moto.webike.net/YAMAHA/51_125/AXIS_Z/tokyo/","ヤマハ AXIS Z 中古 販売店保証 2024 東京・八王子","124","2024","3637","238000","279500","東京・八王子市 松木","受付中","2026-09-10","2026-09-10","1","追跡中"
"72","2026-09-10","Webike バイク選び","https://moto.webike.net/YAMAHA/51_125/AXIS_Z/tokyo/","ヤマハ AXIS Z 新車 2026 東京・葛飾","124","2026","0","257800","283000","東京・葛飾区 水元","受付中","2026-09-10","2026-09-10","1","追跡中"
"73","2026-09-11","Webike バイク選び","https://moto.webike.net/chuuko/HONDA/51_125/dio_110/chiba/kyori-sukunai/","ホンダ Dio110 ベーシック 中古 販売店保証 2023 千葉・市川","109","2023","201","218900","251100","千葉・市川市 欠真間","受付中","2026-09-11","2026-09-11","1","追跡中"
"74","2026-09-11","Webike バイク選び","https://moto.webike.net/shinsha/HONDA/51_125/dio_110/noridashi-yasui/","ホンダ Dio110 ベーシック 新車 2026 千葉・袖ヶ浦","109","2026","0","200000","228000","千葉・袖ヶ浦市 今井","受付中","2026-09-11","2026-09-11","1","追跡中"
"75","2026-09-12","Webike バイク選び","https://moto.webike.net/YAMAHA/51_125/AXIS_Z/summary/","ヤマハ AXIS Z 中古 販売店保証 2019 埼玉・浦和","124","2019","21493","162100","199800","埼玉・さいたま市南区","受付中","2026-09-12","2026-09-12","1","追跡中"
"76","2026-09-13","Webike バイク選び","https://moto.webike.net/HONDA/51_125/dio_110/tokyo/hontai-yasui/","ホンダ Dio110 ベーシック 中古 販売店保証 2025 東京・八王子","109","2025","11743","198000","239500","東京・八王子市 松木","受付中","2026-09-13","2026-09-13","1","追跡中"
"77","2026-09-13","Webike バイク選び","https://moto.webike.net/HONDA/51_125/dio_110/tokyo/hontai-yasui/","ホンダ Dio110 ベーシック 新車 2026 東京・世田谷","109","2026","0","219000","247900","東京・世田谷区 瀬田","受付中","2026-09-13","2026-09-13","1","追跡中"
"78","2026-09-14","Webike バイク選び","https://moto.webike.net/YAMAHA/51_125/JOG_125/kanagawa/","ヤマハ JOG125 中古 販売店保証 2025 神奈川・横浜","125","2025","1061","248000","289500","神奈川・横浜市栄区 上郷町","受付中","2026-09-14","2026-09-14","1","追跡中"
"79","2026-09-14","Webike バイク選び","https://moto.webike.net/YAMAHA/51_125/JOG_125/kanagawa/","ヤマハ JOG125 新車 2026 神奈川・藤沢","125","2026","0","270600","309500","神奈川・藤沢市 立石","受付中","2026-09-14","2026-09-14","1","追跡中"
"80","2026-09-15","Webike バイク選び","https://moto.webike.net/chuuko/HONDA/51_125/dio_110/kanto/nenshiki-atarashii/","ホンダ Dio110 ベーシック 中古 販売店保証 2026 埼玉・東松山","109","2026","1265","255000","296500","埼玉・東松山市 六軒町","受付中","2026-09-15","2026-09-15","1","追跡中"
"81","2026-09-15","Webike バイク選び","https://moto.webike.net/shinsha/HONDA/51_125/dio_110/noridashi-yasui/","ホンダ Dio110 ベーシック 新車 2026 埼玉・所沢","109","2026","0","229000","262300","埼玉・所沢市","受付中","2026-09-15","2026-09-15","1","追跡中"
"82","2026-09-16","Webike バイク選び","https://moto.webike.net/YAMAHA/51_125/AXIS_Z/chiba/","ヤマハ AXIS Z 中古 販売店保証 2022 千葉・蘇我","124","2022","580","238000","279500","千葉・千葉市中央区 川崎町","受付中","2026-09-16","2026-09-16","追跡中","要確認"
"83","2026-09-16","Webike バイク選び","https://moto.webike.net/YAMAHA/51_125/AXIS_Z/chiba/","ヤマハ AXIS Z 新車 2026 千葉・千葉市","124","2026","0","272600","297100","千葉・千葉市中央区 生実町","受付中","2026-09-16","2026-09-16","追跡中","新車"
"84","2026-09-17","Webike バイク選び","https://moto.webike.net/HONDA/51_125/LEAD125/chiba/?prcf=330000&prct=349999&yarf=2026&yart=2026","ホンダ リード125 中古 販売店保証 2026 千葉・柏","125","2026","867","308000","349500","千葉・柏市","受付中","2026-09-17","2026-09-17","",""
"85","2026-09-17","Webike バイク選び","https://moto.webike.net/HONDA/51_125/LEAD125/chiba/?prcf=330000&prct=349999&yarf=2026&yart=2026","ホンダ リード125 新車 2026 千葉・柏","125","2026","0","328000","346900","千葉・柏市 大青田","受付中","2026-09-17","2026-09-17","",""
"86","2026-09-18","Webike バイク選び","https://moto.webike.net/SUZUKI/51_125/Address125/kanagawa/","スズキ アドレス125 中古 販売店保証 2023 神奈川・相模原","125","2023","5409","218000","259500","神奈川・相模原市南区上鶴間本町","受付中","2026-09-18","2026-09-18","1",""
"87","2026-09-19","Webike バイク選び","https://moto.webike.net/chuuko/HONDA/51_125/dio_110/?extask=1&srt=20","ホンダ Dio110 中古 販売店保証 2024 神奈川・川崎","109","2024","1767","215600","249400","神奈川・川崎市高津区 子母口","受付中","2026-09-19","2026-09-19","1",""
"88","2026-09-19","Webike バイク選び","https://moto.webike.net/HONDA/51_125/dio_110/noridashi-yasui/?prcf=250000&yarf=2026&yart=2026","ホンダ Dio110 新車 2026 神奈川・川崎","109","2026","0","250800","275300","神奈川・川崎市多摩区 宿河原","受付中","2026-09-19","2026-09-19","1",""
"89","2026-09-20","Webike バイク選び","https://moto.webike.net/YAMAHA/JOG_125/summary/","ヤマハ JOG125 中古 販売店保証 2025 埼玉・草加","125","2025","5628","238000","279500","埼玉・草加市","受付中","2026-09-20","2026-09-20","1","追跡中"
"90","2026-09-20","Webike バイク選び","https://moto.webike.net/series/shinsha/YAMAHA/y00019/saitama/other-area/list/","ヤマハ JOG125 新車 2026 埼玉・春日部","125","2026","0","229000","262300","埼玉・春日部市 小渕","受付中","2026-09-20","2026-09-22","3","追跡中"
"91","2026-09-20","ジモティー","https://www.jmty.jp/tokyo/sale-bik/article-1rxd3b","ホンダ Dio 50cc 1500km表示","50","要確認","1500","30000","未確認","東京・町田市","受付中","2026-09-20","2026-09-23","4","追跡中"
"92","2026-09-21","Webike バイク選び","https://moto.webike.net/SUZUKI/51_125/Address125/?spec=1&yarf=2026&yart=2026","スズキ アドレス125 中古 販売店保証 2026 千葉・蘇我","125","2026","225","268000","309500","千葉・千葉市中央区 川崎町","受付中","2026-09-21","2026-09-21","1",""
"93","2026-09-21","Webike バイク選び","https://moto.webike.net/shinsha/SUZUKI/51_125/Address125/nenshiki-atarashii/","スズキ アドレス125 新車 2026 千葉・袖ヶ浦","125","2026","0","226000","254000","千葉・袖ヶ浦市 今井","受付中","2026-09-21","2026-09-21","1",""
